{
    "activations": {
        "heap_overlay_pool": {
            "buffer_c_name": "NULL",
            "buffer_data_size": 0,
            "buffer_offsets": [
                {
                    "buffer_name": "conv2d_1_output_array",
                    "offset": 0,
                    "size": 12672,
                    "start_offset": 0
                },
                {
                    "buffer_name": "pool_4_output_array",
                    "offset": 0,
                    "size": 6336,
                    "start_offset": 0
                },
                {
                    "buffer_name": "conv2d_7_output_array",
                    "offset": 6336,
                    "size": 6208,
                    "start_offset": 6336
                },
                {
                    "buffer_name": "pool_10_output_array",
                    "offset": 0,
                    "size": 3104,
                    "start_offset": 0
                },
                {
                    "buffer_name": "dense_12_output_array",
                    "offset": 3104,
                    "size": 2928,
                    "start_offset": 3104
                },
                {
                    "buffer_name": "nl_12_nl_output_array",
                    "offset": 0,
                    "size": 2928,
                    "start_offset": 0
                },
                {
                    "buffer_name": "dense_13_output_array",
                    "offset": 2928,
                    "size": 20,
                    "start_offset": 2928
                }
            ],
            "pool_id": 0,
            "pool_size": 12672
        }
    },
    "activations_alignment": 4,
    "c_activations_count": 1,
    "c_arrays": [
        {
            "c_bits": 32,
            "c_id": 0,
            "c_mem_pool": "",
            "c_size_in_byte": 1600,
            "c_type": "float",
            "conv_type": "",
            "format": "float",
            "io_type": "input",
            "mem_pool": "user",
            "name": "serving_default_input_10_output_array",
            "offset": "NULL",
            "size": 400,
            "tensors": [
                {
                    "name": "serving_default_input_10_output",
                    "shape": [
                        1,
                        400,
                        1,
                        1
                    ]
                },
                {
                    "name": "serving_default_input_10_output0",
                    "shape": [
                        1,
                        1,
                        400,
                        1
                    ]
                }
            ]
        },
        {
            "c_bits": 32,
            "c_id": 1,
            "c_mem_pool": "**default**",
            "c_size_in_byte": 12672,
            "c_type": "float",
            "conv_type": "",
            "format": "float",
            "mem_pool": "activations",
            "name": "conv2d_1_output_array",
            "offset": 0,
            "size": 3168,
            "tensors": [
                {
                    "name": "conv2d_1_output",
                    "shape": [
                        1,
                        1,
                        396,
                        8
                    ]
                },
                {
                    "name": "conv2d_1_output0",
                    "shape": [
                        1,
                        396,
                        1,
                        8
                    ]
                }
            ]
        },
        {
            "c_bits": 32,
            "c_id": 2,
            "c_mem_pool": "**default**",
            "c_size_in_byte": 6336,
            "c_type": "float",
            "conv_type": "",
            "format": "float",
            "mem_pool": "activations",
            "name": "pool_4_output_array",
            "offset": 0,
            "size": 1584,
            "tensors": [
                {
                    "name": "pool_4_output",
                    "shape": [
                        1,
                        198,
                        1,
                        8
                    ]
                },
                {
                    "name": "pool_4_output0",
                    "shape": [
                        1,
                        1,
                        198,
                        8
                    ]
                }
            ]
        },
        {
            "c_bits": 32,
            "c_id": 3,
            "c_mem_pool": "**default**",
            "c_size_in_byte": 6208,
            "c_type": "float",
            "conv_type": "",
            "format": "float",
            "mem_pool": "activations",
            "name": "conv2d_7_output_array",
            "offset": 6336,
            "size": 1552,
            "tensors": [
                {
                    "name": "conv2d_7_output",
                    "shape": [
                        1,
                        1,
                        194,
                        8
                    ]
                },
                {
                    "name": "conv2d_7_output0",
                    "shape": [
                        1,
                        194,
                        1,
                        8
                    ]
                }
            ]
        },
        {
            "c_bits": 32,
            "c_id": 4,
            "c_mem_pool": "**default**",
            "c_size_in_byte": 3104,
            "c_type": "float",
            "conv_type": "",
            "format": "float",
            "mem_pool": "activations",
            "name": "pool_10_output_array",
            "offset": 0,
            "size": 776,
            "tensors": [
                {
                    "name": "pool_10_output",
                    "shape": [
                        1,
                        97,
                        1,
                        8
                    ]
                },
                {
                    "name": "pool_10_output0",
                    "shape": [
                        1,
                        1,
                        1,
                        776
                    ]
                }
            ]
        },
        {
            "c_bits": 32,
            "c_id": 5,
            "c_mem_pool": "**default**",
            "c_size_in_byte": 2928,
            "c_type": "float",
            "conv_type": "",
            "format": "float",
            "mem_pool": "activations",
            "name": "dense_12_output_array",
            "offset": 3104,
            "size": 732,
            "tensors": [
                {
                    "name": "dense_12_output",
                    "shape": [
                        1,
                        1,
                        1,
                        732
                    ]
                }
            ]
        },
        {
            "c_bits": 32,
            "c_id": 6,
            "c_mem_pool": "**default**",
            "c_size_in_byte": 2928,
            "c_type": "float",
            "conv_type": "",
            "format": "float",
            "mem_pool": "activations",
            "name": "nl_12_nl_output_array",
            "offset": 0,
            "size": 732,
            "tensors": [
                {
                    "name": "nl_12_nl_output",
                    "shape": [
                        1,
                        1,
                        1,
                        732
                    ]
                }
            ]
        },
        {
            "c_bits": 32,
            "c_id": 7,
            "c_mem_pool": "**default**",
            "c_size_in_byte": 20,
            "c_type": "float",
            "conv_type": "",
            "format": "float",
            "mem_pool": "activations",
            "name": "dense_13_output_array",
            "offset": 2928,
            "size": 5,
            "tensors": [
                {
                    "name": "dense_13_output",
                    "shape": [
                        1,
                        1,
                        1,
                        5
                    ]
                }
            ]
        },
        {
            "c_bits": 32,
            "c_id": 8,
            "c_mem_pool": "",
            "c_size_in_byte": 20,
            "c_type": "float",
            "conv_type": "",
            "format": "float",
            "io_type": "output",
            "mem_pool": "user",
            "name": "nl_14_output_array",
            "offset": "NULL",
            "size": 5,
            "tensors": [
                {
                    "name": "nl_14_output",
                    "shape": [
                        1,
                        1,
                        1,
                        5
                    ]
                }
            ]
        },
        {
            "c_bits": 32,
            "c_id": 9,
            "c_mem_pool": "",
            "c_size_in_byte": 160,
            "c_type": "const float",
            "conv_type": "",
            "format": "float",
            "mem_pool": "weights",
            "name": "conv2d_1_weights_array",
            "offset": "NULL",
            "size": 40,
            "tensors": [
                {
                    "name": "conv2d_1_weights",
                    "shape": [
                        1,
                        8,
                        1,
                        5
                    ]
                }
            ]
        },
        {
            "c_bits": 32,
            "c_id": 10,
            "c_mem_pool": "",
            "c_size_in_byte": 32,
            "c_type": "const float",
            "conv_type": "",
            "format": "float",
            "mem_pool": "weights",
            "name": "conv2d_1_bias_array",
            "offset": "NULL",
            "size": 8,
            "tensors": [
                {
                    "name": "conv2d_1_bias",
                    "shape": [
                        1,
                        1,
                        1,
                        8
                    ]
                }
            ]
        },
        {
            "c_bits": 32,
            "c_id": 11,
            "c_mem_pool": "",
            "c_size_in_byte": 1280,
            "c_type": "const float",
            "conv_type": "",
            "format": "float",
            "mem_pool": "weights",
            "name": "conv2d_7_weights_array",
            "offset": "NULL",
            "size": 320,
            "tensors": [
                {
                    "name": "conv2d_7_weights",
                    "shape": [
                        8,
                        8,
                        1,
                        5
                    ]
                }
            ]
        },
        {
            "c_bits": 32,
            "c_id": 12,
            "c_mem_pool": "",
            "c_size_in_byte": 32,
            "c_type": "const float",
            "conv_type": "",
            "format": "float",
            "mem_pool": "weights",
            "name": "conv2d_7_bias_array",
            "offset": "NULL",
            "size": 8,
            "tensors": [
                {
                    "name": "conv2d_7_bias",
                    "shape": [
                        1,
                        1,
                        1,
                        8
                    ]
                }
            ]
        },
        {
            "c_bits": 4,
            "c_id": 13,
            "c_mem_pool": "",
            "c_size_in_byte": 284080,
            "c_type": "const float",
            "conv_type": "c4",
            "format": "c4 (LUT4)",
            "mem_pool": "weights",
            "name": "dense_12_weights_array",
            "offset": "NULL",
            "size": 568032,
            "tensors": [
                {
                    "name": "dense_12_weights",
                    "shape": [
                        776,
                        1,
                        1,
                        732
                    ]
                }
            ]
        },
        {
            "c_bits": 32,
            "c_id": 14,
            "c_mem_pool": "",
            "c_size_in_byte": 2928,
            "c_type": "const float",
            "conv_type": "",
            "format": "float",
            "mem_pool": "weights",
            "name": "dense_12_bias_array",
            "offset": "NULL",
            "size": 732,
            "tensors": [
                {
                    "name": "dense_12_bias",
                    "shape": [
                        1,
                        1,
                        1,
                        732
                    ]
                }
            ]
        },
        {
            "c_bits": 32,
            "c_id": 15,
            "c_mem_pool": "",
            "c_size_in_byte": 14640,
            "c_type": "const float",
            "conv_type": "",
            "format": "float",
            "mem_pool": "weights",
            "name": "dense_13_weights_array",
            "offset": "NULL",
            "size": 3660,
            "tensors": [
                {
                    "name": "dense_13_weights",
                    "shape": [
                        732,
                        1,
                        1,
                        5
                    ]
                }
            ]
        },
        {
            "c_bits": 32,
            "c_id": 16,
            "c_mem_pool": "",
            "c_size_in_byte": 20,
            "c_type": "const float",
            "conv_type": "",
            "format": "float",
            "mem_pool": "weights",
            "name": "dense_13_bias_array",
            "offset": "NULL",
            "size": 5,
            "tensors": [
                {
                    "name": "dense_13_bias",
                    "shape": [
                        1,
                        1,
                        1,
                        5
                    ]
                }
            ]
        }
    ],
    "c_arrays_n": 17,
    "c_intq_n": 0,
    "c_layers": [
        {
            "c_forward": "forward_conv2d",
            "c_id": 0,
            "layer_type": "conv2d",
            "m_id": 1,
            "macc": 19016,
            "name": "conv2d_1",
            "next": "pool_4",
            "rom": 192,
            "tensors": {
                "inputs": [
                    "serving_default_input_10_output0"
                ],
                "outputs": [
                    "conv2d_1_output"
                ],
                "scratchs": [],
                "weights": [
                    "conv2d_1_weights",
                    "conv2d_1_bias"
                ]
            }
        },
        {
            "c_forward": "forward_mp",
            "c_id": 1,
            "layer_type": "pool",
            "m_id": 4,
            "macc": 3168,
            "name": "pool_4",
            "next": "conv2d_7",
            "rom": 0,
            "tensors": {
                "inputs": [
                    "conv2d_1_output0"
                ],
                "outputs": [
                    "pool_4_output"
                ],
                "scratchs": [],
                "weights": []
            }
        },
        {
            "c_forward": "forward_conv2d",
            "c_id": 2,
            "layer_type": "conv2d",
            "m_id": 7,
            "macc": 63640,
            "name": "conv2d_7",
            "next": "pool_10",
            "rom": 1312,
            "tensors": {
                "inputs": [
                    "pool_4_output0"
                ],
                "outputs": [
                    "conv2d_7_output"
                ],
                "scratchs": [],
                "weights": [
                    "conv2d_7_weights",
                    "conv2d_7_bias"
                ]
            }
        },
        {
            "c_forward": "forward_mp",
            "c_id": 3,
            "layer_type": "pool",
            "m_id": 10,
            "macc": 1552,
            "name": "pool_10",
            "next": "dense_12",
            "rom": 0,
            "tensors": {
                "inputs": [
                    "conv2d_7_output0"
                ],
                "outputs": [
                    "pool_10_output"
                ],
                "scratchs": [],
                "weights": []
            }
        },
        {
            "c_forward": "forward_dense",
            "c_id": 4,
            "layer_type": "dense",
            "m_id": 12,
            "macc": 568764,
            "name": "dense_12",
            "next": "nl_12_nl",
            "rom": 287008,
            "tensors": {
                "inputs": [
                    "pool_10_output0"
                ],
                "outputs": [
                    "dense_12_output"
                ],
                "scratchs": [],
                "weights": [
                    "dense_12_weights",
                    "dense_12_bias"
                ]
            }
        },
        {
            "c_forward": "forward_relu",
            "c_id": 5,
            "layer_type": "nl",
            "m_id": 12,
            "macc": 732,
            "name": "nl_12_nl",
            "next": "dense_13",
            "rom": 0,
            "tensors": {
                "inputs": [
                    "dense_12_output"
                ],
                "outputs": [
                    "nl_12_nl_output"
                ],
                "scratchs": [],
                "weights": []
            }
        },
        {
            "c_forward": "forward_dense",
            "c_id": 6,
            "layer_type": "dense",
            "m_id": 13,
            "macc": 3665,
            "name": "dense_13",
            "next": "nl_14",
            "rom": 14660,
            "tensors": {
                "inputs": [
                    "nl_12_nl_output"
                ],
                "outputs": [
                    "dense_13_output"
                ],
                "scratchs": [],
                "weights": [
                    "dense_13_weights",
                    "dense_13_bias"
                ]
            }
        },
        {
            "c_forward": "forward_sm",
            "c_id": 7,
            "layer_type": "nl",
            "m_id": 14,
            "macc": 75,
            "name": "nl_14",
            "next": "nl_14",
            "rom": 0,
            "tensors": {
                "inputs": [
                    "dense_13_output"
                ],
                "outputs": [
                    "nl_14_output"
                ],
                "scratchs": [],
                "weights": []
            }
        }
    ],
    "c_name": "network",
    "c_nodes_n": 8,
    "c_tensors_n": 22,
    "c_weights_count": 1,
    "c_weights_header": 0,
    "data_alignment": 4,
    "date_time": "Sun May  8 17:07:09 2022",
    "inputs": [
        "serving_default_input_10_output"
    ],
    "macc": 660612,
    "memory_footprint": {
        "activations": 12672,
        "io": [
            1600,
            20
        ],
        "series": "generic",
        "weights": 303172
    },
    "memory_pools": [],
    "model_name": "mcdcnn",
    "outputs": [
        "nl_14_output"
    ],
    "params_alignment": 4,
    "stm_ai_version": {
        "extra": "RC3",
        "major": 7,
        "micro": 0,
        "minor": 1
    },
    "tool_api_version": {
        "major": 1,
        "micro": 0,
        "minor": 5
    },
    "tool_version": {
        "major": 1,
        "micro": 0,
        "minor": 6
    },
    "version": "1.2",
    "weights": {
        "network_weights_array": {
            "buffer_c_count": 37897,
            "buffer_c_data": [],
            "buffer_c_name": "s_network_network_weights_array_u64",
            "buffer_c_type": "u64",
            "buffer_crc": 0,
            "buffer_data_size": 303176,
            "buffer_offsets": [
                {
                    "buffer_name": "conv2d_1_weights_array",
                    "offset": 0,
                    "size": 160,
                    "start_offset": 0
                },
                {
                    "buffer_name": "conv2d_1_bias_array",
                    "offset": 160,
                    "size": 32,
                    "start_offset": 160
                },
                {
                    "buffer_name": "conv2d_7_weights_array",
                    "offset": 192,
                    "size": 1280,
                    "start_offset": 192
                },
                {
                    "buffer_name": "conv2d_7_bias_array",
                    "offset": 1472,
                    "size": 32,
                    "start_offset": 1472
                },
                {
                    "buffer_name": "dense_12_weights_array",
                    "offset": 1568,
                    "size": 284080,
                    "start_offset": 1504
                },
                {
                    "buffer_name": "dense_12_bias_array",
                    "offset": 285584,
                    "size": 2928,
                    "start_offset": 285584
                },
                {
                    "buffer_name": "dense_13_weights_array",
                    "offset": 288512,
                    "size": 14640,
                    "start_offset": 288512
                },
                {
                    "buffer_name": "dense_13_bias_array",
                    "offset": 303152,
                    "size": 20,
                    "start_offset": 303152
                }
            ],
            "pool_id": 0,
            "pool_size": 303172
        }
    }
}