{
    "_allocate_inputs": 0,
    "_allocate_outputs": 0,
    "cli_parameters": "generate --name network -m C:/Users/ebuss/Desktop/STMTools/tflite/tflite/mcdcnn.tflite --type tflite --compression 8 --verbosity 1 --workspace C:\\Users\\ebuss\\AppData\\Local\\Temp\\mxAI_workspace20254839245710011173080478652398903 --output C:\\Users\\ebuss\\.stm32cubemx\\network_output",
    "cli_version": {
        "major": 1,
        "micro": 0,
        "minor": 6
    },
    "cli_version_str": "1.6.0",
    "compression": {
        "factor": 7.559087849875292,
        "layers": {
            "dense_12_weights": 8.0
        }
    },
    "date_time": "Sun May  8 17:07:09 2022",
    "error": 0,
    "error_str": [],
    "exec_cmd": "generate",
    "exec_duration": 0.0,
    "hash": "d5e999b7bd1de8182b7310aa1e9ccecb",
    "inputs": [
        "serving_default_input_10"
    ],
    "layers": [
        {
            "extras": {
                "n_macc": 0,
                "n_params": 0,
                "psize": 0,
                "rom_output": {
                    "c_size": 1600,
                    "fmt": {
                        "format": "float"
                    },
                    "shape": [
                        400,
                        1,
                        1,
                        1
                    ]
                },
                "rom_size": 0
            },
            "id": 0,
            "inputs": [],
            "name": "serving_default_input_10",
            "type": "Input"
        },
        {
            "extras": {
                "n_macc": 0,
                "n_params": 0,
                "psize": 0,
                "rom_size": 0
            },
            "id": 0,
            "inputs": [
                "serving_default_input_10"
            ],
            "name": "reshape_0",
            "type": "Reshape"
        },
        {
            "extras": {
                "n_macc": 15848,
                "n_params": 48,
                "psize": 192,
                "rom_output": {
                    "c_size": 12672,
                    "fmt": {
                        "format": "float"
                    },
                    "shape": [
                        1,
                        396,
                        8,
                        1
                    ]
                },
                "rom_size": 192
            },
            "id": 1,
            "inputs": [
                "reshape_0"
            ],
            "name": "conv2d_1",
            "type": "Conv2D"
        },
        {
            "extras": {
                "n_macc": 3168,
                "n_params": 0,
                "psize": 0,
                "rom_size": 0
            },
            "id": 1,
            "inputs": [
                "conv2d_1"
            ],
            "name": "nl_1_nl",
            "type": "Nonlinearity"
        },
        {
            "extras": {
                "n_macc": 0,
                "n_params": 0,
                "psize": 0,
                "rom_size": 0
            },
            "id": 2,
            "inputs": [
                "nl_1_nl"
            ],
            "name": "reshape_2",
            "type": "Reshape"
        },
        {
            "extras": {
                "n_macc": 0,
                "n_params": 0,
                "psize": 0,
                "rom_size": 0
            },
            "id": 3,
            "inputs": [
                "reshape_2"
            ],
            "name": "reshape_3",
            "type": "Reshape"
        },
        {
            "extras": {
                "n_macc": 3168,
                "n_params": 0,
                "psize": 0,
                "rom_output": {
                    "c_size": 6336,
                    "fmt": {
                        "format": "float"
                    },
                    "shape": [
                        198,
                        1,
                        8,
                        1
                    ]
                },
                "rom_size": 0
            },
            "id": 4,
            "inputs": [
                "reshape_3"
            ],
            "name": "pool_4",
            "type": "Pool"
        },
        {
            "extras": {
                "n_macc": 0,
                "n_params": 0,
                "psize": 0,
                "rom_size": 0
            },
            "id": 5,
            "inputs": [
                "pool_4"
            ],
            "name": "reshape_5",
            "type": "Reshape"
        },
        {
            "extras": {
                "n_macc": 0,
                "n_params": 0,
                "psize": 0,
                "rom_size": 0
            },
            "id": 6,
            "inputs": [
                "reshape_5"
            ],
            "name": "reshape_6",
            "type": "Reshape"
        },
        {
            "extras": {
                "n_macc": 62088,
                "n_params": 328,
                "psize": 1312,
                "rom_output": {
                    "c_size": 6208,
                    "fmt": {
                        "format": "float"
                    },
                    "shape": [
                        1,
                        194,
                        8,
                        1
                    ]
                },
                "rom_size": 1312
            },
            "id": 7,
            "inputs": [
                "reshape_6"
            ],
            "name": "conv2d_7",
            "type": "Conv2D"
        },
        {
            "extras": {
                "n_macc": 1552,
                "n_params": 0,
                "psize": 0,
                "rom_size": 0
            },
            "id": 7,
            "inputs": [
                "conv2d_7"
            ],
            "name": "nl_7_nl",
            "type": "Nonlinearity"
        },
        {
            "extras": {
                "n_macc": 0,
                "n_params": 0,
                "psize": 0,
                "rom_size": 0
            },
            "id": 8,
            "inputs": [
                "nl_7_nl"
            ],
            "name": "reshape_8",
            "type": "Reshape"
        },
        {
            "extras": {
                "n_macc": 0,
                "n_params": 0,
                "psize": 0,
                "rom_size": 0
            },
            "id": 9,
            "inputs": [
                "reshape_8"
            ],
            "name": "reshape_9",
            "type": "Reshape"
        },
        {
            "extras": {
                "n_macc": 1552,
                "n_params": 0,
                "psize": 0,
                "rom_output": {
                    "c_size": 3104,
                    "fmt": {
                        "format": "float"
                    },
                    "shape": [
                        97,
                        1,
                        8,
                        1
                    ]
                },
                "rom_size": 0
            },
            "id": 10,
            "inputs": [
                "reshape_9"
            ],
            "name": "pool_10",
            "type": "Pool"
        },
        {
            "extras": {
                "n_macc": 0,
                "n_params": 0,
                "psize": 0,
                "rom_size": 0
            },
            "id": 11,
            "inputs": [
                "pool_10"
            ],
            "name": "reshape_11",
            "type": "Reshape"
        },
        {
            "extras": {
                "n_macc": 568764,
                "n_params": 568764,
                "psize": 2275056,
                "rom_output": {
                    "c_size": 2928,
                    "fmt": {
                        "format": "float"
                    },
                    "shape": [
                        1,
                        1,
                        732,
                        1
                    ]
                },
                "rom_size": 287008
            },
            "id": 12,
            "inputs": [
                "reshape_11"
            ],
            "name": "dense_12",
            "type": "Dense"
        },
        {
            "extras": {
                "n_macc": 732,
                "n_params": 0,
                "psize": 0,
                "rom_output": {
                    "c_size": 2928,
                    "fmt": {
                        "format": "float"
                    },
                    "shape": [
                        1,
                        1,
                        732,
                        1
                    ]
                },
                "rom_size": 0
            },
            "id": 12,
            "inputs": [
                "dense_12"
            ],
            "name": "nl_12_nl",
            "type": "Nonlinearity"
        },
        {
            "extras": {
                "n_macc": 3665,
                "n_params": 3665,
                "psize": 14660,
                "rom_output": {
                    "c_size": 20,
                    "fmt": {
                        "format": "float"
                    },
                    "shape": [
                        1,
                        1,
                        5,
                        1
                    ]
                },
                "rom_size": 14660
            },
            "id": 13,
            "inputs": [
                "nl_12_nl"
            ],
            "name": "dense_13",
            "type": "Dense"
        },
        {
            "extras": {
                "n_macc": 75,
                "n_params": 0,
                "psize": 0,
                "rom_output": {
                    "c_size": 20,
                    "fmt": {
                        "format": "float"
                    },
                    "shape": [
                        1,
                        1,
                        5,
                        1
                    ]
                },
                "rom_size": 0
            },
            "id": 14,
            "inputs": [
                "dense_13"
            ],
            "name": "nl_14",
            "type": "Nonlinearity"
        }
    ],
    "model_files": [
        "C:\\Users\\ebuss\\Desktop\\STMTools\\tflite\\tflite\\mcdcnn.tflite"
    ],
    "model_n_params": 572805,
    "model_name": "mcdcnn",
    "model_size": 2291220,
    "model_type": "tflite",
    "name": "network",
    "outputs": [
        "nl_14"
    ],
    "ram_io_size": [
        1600,
        20
    ],
    "ram_size": [
        12672,
        12672
    ],
    "report_version": 1.1,
    "rom_cfact": 1.0,
    "rom_heap_inspector": 2048,
    "rom_inputs": [
        {
            "c_size": 1600,
            "c_type": "float",
            "name": "serving_default_input_10"
        }
    ],
    "rom_n_macc": 660612,
    "rom_outputs": [
        {
            "c_size": 20,
            "c_type": "float",
            "name": "nl_14"
        }
    ],
    "rom_size": 303172,
    "strategy": "heap_overlay",
    "tools_api_version": {
        "major": 1,
        "micro": 0,
        "minor": 6
    },
    "tools_version": {
        "extra": "RC3",
        "major": 7,
        "micro": 0,
        "minor": 1
    },
    "val_error": -1.0,
    "val_error_desc": "None (None) #-1",
    "val_metrics": []
}